<?xml version="1.0" encoding="UTF-8"?>
<beans xmlns="http://www.springframework.org/schema/beans"
	xmlns:xsi="http://www.w3.org/2001/XMLSchema-instance"
	xsi:schemaLocation="http://www.springframework.org/schema/beans https://www.springframework.org/schema/beans/spring-beans.xsd">
	
	<!-- Root Context: defines shared resources visible to all other web components -->
	
	<!-- 스프링과 관련하여 설정 파일을 설정하는 공간
	     ==> 대부분은  DB 연결 설정 공간. -->
	
	<!-- 1. DataSource 정보 설정.
	        ==> DB와 관계된 connection(연결) 정보를 담고 있는 객체. -->
	
	<bean name="dataSource" class="org.springframework.jdbc.datasource.DriverManagerDataSource">
        <property name="driverClassName" value="oracle.jdbc.driver.OracleDriver" />
        <property name="url" value="jdbc:oracle:thin:@localhost:1521:XE"/>
        <property name="username" value="web" />
        <property name="password" value="1234" />
    </bean>

    <!-- 2. spring JDBCTemplate 클래스 설정 -->
    <bean name="template" class="org.springframework.jdbc.core.JdbcTemplate">
        <property name="dataSource" ref="dataSource" /> 
        <!-- ref 이름은 맨 상단 bean의 이름을 씀. 참조한다는 뜻. -->
    </bean>
</beans>
